{"labels": [0], "scores": [0.9997747540473938], "bboxes": [[163.15505981445312, 223.15284729003906, 434.8258361816406, 466.6562805175781]]}