{"labels": [0, 0, 0], "scores": [0.9999843835830688, 0.9999690055847168, 0.9999526739120483], "bboxes": [[1020.4678344726562, 4028.598388671875, 3206.47412109375, 5339.87451171875], [167.0287322998047, 1781.841796875, 1565.380859375, 4004.411376953125], [1843.02978515625, 1079.0125732421875, 3166.2783203125, 3336.732421875]]}